{
  "checkpoint": "/Users/avneh/Code/SelfFoil/ablation_suite/runs/baseline/full/model.pt",
  "device": "cpu",
  "neuralfoil_model_size": "xxxlarge",
  "airfoils": [
    {
      "airfoil": "naca0012",
      "re": 1000000.0,
      "mach": 0.1,
      "alphas_deg": [
        -4.0,
        -3.0,
        -2.0,
        -1.0,
        0.0,
        1.0,
        2.0,
        3.0,
        4.0,
        5.0,
        6.0,
        7.0,
        8.0,
        9.0,
        10.0,
        11.0,
        12.0
      ],
      "cst_rmse_vs_reference": 0.08361057192087173,
      "cst_mae_vs_reference": 0.06270984560251236,
      "cl_direct_rmse": 0.714084634483132,
      "cl_direct_mae": 0.5859134260084863,
      "cl_recon_rmse": 0.04119130138931142,
      "cl_recon_mae": 0.03907891728809756,
      "cd_recon_rmse": 0.001064606660863972,
      "cd_recon_mae": 0.0007746110224486853,
      "geometry_xy_rmse": 0.008274848674242743,
      "geometry_xy_mae": 0.006226852053933849
    },
    {
      "airfoil": "s1223",
      "re": 1000000.0,
      "mach": 0.1,
      "alphas_deg": [
        -4.0,
        -3.0,
        -2.0,
        -1.0,
        0.0,
        1.0,
        2.0,
        3.0,
        4.0,
        5.0,
        6.0,
        7.0,
        8.0,
        9.0,
        10.0,
        11.0,
        12.0
      ],
      "cst_rmse_vs_reference": 0.3079940676689148,
      "cst_mae_vs_reference": 0.2374192774295807,
      "cl_direct_rmse": 1.7034904202824428,
      "cl_direct_mae": 1.6360155083511345,
      "cl_recon_rmse": 0.34583644758878734,
      "cl_recon_mae": 0.3436142270258461,
      "cd_recon_rmse": 0.0037245441791218755,
      "cd_recon_mae": 0.0035116561178687,
      "geometry_xy_rmse": 0.01584207146556102,
      "geometry_xy_mae": 0.011733953379160483
    },
    {
      "airfoil": "naca2412",
      "re": 1000000.0,
      "mach": 0.1,
      "alphas_deg": [
        -4.0,
        -3.0,
        -2.0,
        -1.0,
        0.0,
        1.0,
        2.0,
        3.0,
        4.0,
        5.0,
        6.0,
        7.0,
        8.0,
        9.0,
        10.0,
        11.0,
        12.0
      ],
      "cst_rmse_vs_reference": 0.12885411083698273,
      "cst_mae_vs_reference": 0.09572087973356247,
      "cl_direct_rmse": 0.8540697859471085,
      "cl_direct_mae": 0.7144463274884321,
      "cl_recon_rmse": 0.051331810886324096,
      "cl_recon_mae": 0.04505442404431009,
      "cd_recon_rmse": 0.0009265503013017826,
      "cd_recon_mae": 0.0007442185918864993,
      "geometry_xy_rmse": 0.006521277649137492,
      "geometry_xy_mae": 0.004999655684446541
    },
    {
      "airfoil": "naca4412",
      "re": 1000000.0,
      "mach": 0.1,
      "alphas_deg": [
        -4.0,
        -3.0,
        -2.0,
        -1.0,
        0.0,
        1.0,
        2.0,
        3.0,
        4.0,
        5.0,
        6.0,
        7.0,
        8.0,
        9.0,
        10.0,
        11.0,
        12.0
      ],
      "cst_rmse_vs_reference": 0.19817490875720978,
      "cst_mae_vs_reference": 0.14485487341880798,
      "cl_direct_rmse": 1.0134590080682322,
      "cl_direct_mae": 0.8948736903484187,
      "cl_recon_rmse": 0.08414131775694732,
      "cl_recon_mae": 0.0834178811851783,
      "cd_recon_rmse": 0.0008860622866115946,
      "cd_recon_mae": 0.0007979437752806159,
      "geometry_xy_rmse": 0.007071850972080074,
      "geometry_xy_mae": 0.0051232170571562105
    },
    {
      "airfoil": "e216",
      "re": 1000000.0,
      "mach": 0.1,
      "alphas_deg": [
        -4.0,
        -3.0,
        -2.0,
        -1.0,
        0.0,
        1.0,
        2.0,
        3.0,
        4.0,
        5.0,
        6.0,
        7.0,
        8.0,
        9.0,
        10.0,
        11.0,
        12.0
      ],
      "cst_rmse_vs_reference": 0.1278674602508545,
      "cst_mae_vs_reference": 0.08411160111427307,
      "cl_direct_rmse": 1.2493129522202109,
      "cl_direct_mae": 1.176671640460351,
      "cl_recon_rmse": 0.138684783001705,
      "cl_recon_mae": 0.1322790752713462,
      "cd_recon_rmse": 0.004922207889895952,
      "cd_recon_mae": 0.0036481242980611357,
      "geometry_xy_rmse": 0.0102148640095421,
      "geometry_xy_mae": 0.007654378243337584
    },
    {
      "airfoil": "clarky",
      "re": 1000000.0,
      "mach": 0.1,
      "alphas_deg": [
        -4.0,
        -3.0,
        -2.0,
        -1.0,
        0.0,
        1.0,
        2.0,
        3.0,
        4.0,
        5.0,
        6.0,
        7.0,
        8.0,
        9.0,
        10.0,
        11.0,
        12.0
      ],
      "cst_rmse_vs_reference": 0.12209481745958328,
      "cst_mae_vs_reference": 0.09629014879465103,
      "cl_direct_rmse": 0.9518995799638957,
      "cl_direct_mae": 0.820415769241736,
      "cl_recon_rmse": 0.07491726845921143,
      "cl_recon_mae": 0.07332309191122238,
      "cd_recon_rmse": 0.0006576909267616644,
      "cd_recon_mae": 0.0005358975576314765,
      "geometry_xy_rmse": 0.006757150793762181,
      "geometry_xy_mae": 0.004867880569084493
    }
  ]
}